{"cameraMode":{"drawMode":0,"name":"Shaded","section":"Shading Mode"},"sceneLighting":true,"audioPlay":false,"sceneViewState":{"m_AlwaysRefresh":false,"showFog":true,"showSkybox":true,"showFlares":true,"showImageEffects":true,"showParticleSystems":true,"showVisualEffectGraphs":true,"m_FxEnabled":true},"in2DMode":false,"pivot":{"x":-1.9702930450439454,"y":-1.6335821151733399,"z":-1.8282899856567383},"rotation":{"x":-0.3762500584125519,"y":0.01722831465303898,"z":-0.007001860998570919,"w":-0.9263486862182617},"size":9.013494491577149,"orthographic":false}