{"cameraMode":{"drawMode":0,"name":"Shaded","section":"Shading Mode"},"sceneLighting":true,"audioPlay":false,"sceneViewState":{"m_AlwaysRefresh":false,"showFog":true,"showSkybox":true,"showFlares":true,"showImageEffects":true,"showParticleSystems":true,"showVisualEffectGraphs":true,"m_FxEnabled":true},"in2DMode":false,"pivot":{"x":-1.3718993663787842,"y":13.048423767089844,"z":-14.48391342163086},"rotation":{"x":-0.3399043381214142,"y":-0.002257878892123699,"z":0.0008229563827626407,"w":-0.9404767155647278},"size":15.914164543151856,"orthographic":false}